category,text
Storytelling,"The sun dipped below the horizon, painting the sky in shades of crimson and gold. Anna took a deep breath, feeling the cool evening breeze against her skin."
Storytelling,"In the depths of the enchanted forest, an ancient spell lay dormant, waiting for the chosen one to break the curse that had lasted centuries."
Storytelling,A distant howl echoed through the valley as the travelers reached the abandoned castle. The air was thick with mystery and an unspoken warning.
Scientific Writing,"Artificial Intelligence has revolutionized industries by automating complex tasks. Machine Learning, a subset of AI, enables computers to learn from data without explicit programming."
Scientific Writing,"Deep Learning utilizes neural networks with multiple layers to process vast amounts of data, achieving groundbreaking results in image and speech recognition."
Scientific Writing,Natural Language Processing (NLP) focuses on enabling machines to understand and generate human language. Techniques like transformers have significantly improved language comprehension.
Conversational Dialogue,"Person A: Hey, have you ever thought about how AI might change the way we interact with technology? 
Person B: Absolutely! Just look at voice assistants and chatbots, they're evolving rapidly!"
Conversational Dialogue,"Person A: What do you think is the best programming language for AI? 
Person B: Python, hands down. The libraries and frameworks make it incredibly powerful."
Conversational Dialogue,"Person A: Have you ever tried fine-tuning a language model? 
Person B: Yes! GPT-2 can be fine-tuned with custom datasets to generate highly specific and relevant text."
Poetry,"The stars whisper secrets to the midnight breeze, 
Dancing softly on the ocean’s tease."
Poetry,"A fleeting dream, a silent song, 
Echoes of a love long gone."
Poetry,"Golden leaves in autumn's grace, 
Drifting gently, time’s embrace."
